{
  "README.md": 1775430899.885278,
  "CLAUDE.md": 1776021695.523812,
  "scripts/NEXUS.md": 1768105484.9810967,
  "scripts/UNIFI.md": 1740463140.642858,
  "scripts/SYNOLOGY.md": 1768105815.8003519,
  "runbooks/resize_pvc.md": 1757135233.3517678,
  "runbooks/cloudflare_tunnels.md": 1737439466.8372362,
  "runbooks/configure_nfs_with_proxmox.md": 1768187711.8036876,
  "terraform/cluster/README.md": 1775430451.360627
}
